nPath,BW (0%) (Execution Time (ms)),Hybrid (25%) (Execution Time (ms)),Hybrid (50%) (Execution Time (ms)),Hybrid (75%) (Execution Time (ms)),Compute (100%) (Execution Time (ms))
4096.000000,0.572448,0.721984,0.671360,0.737696,0.667072
8192.000000,0.585216,0.904640,0.956496,0.989488,1.017952
16384.000000,0.675456,1.101840,1.270080,1.406288,1.494688
32768.000000,0.834240,1.461408,1.930688,2.216480,2.578336
65536.000000,1.406720,2.447328,3.012704,3.849616,4.715488
131072.000000,2.387120,4.094544,5.505664,7.217472,8.943456
262144.000000,4.262640,7.573664,10.342432,13.741472,17.416416
524288.000000,7.849888,14.316000,19.965952,27.064384,34.549088
