nPath,BW (0%) (Execution Time (ms)),Hybrid (25%) (Execution Time (ms)),Hybrid (50%) (Execution Time (ms)),Hybrid (75%) (Execution Time (ms)),Compute (100%) (Execution Time (ms))
4096.000000,0.427280,0.537856,0.530416,0.559072,0.586432
8192.000000,0.481632,0.638256,0.646416,0.608720,0.636304
16384.000000,0.620544,0.766336,0.788784,0.872544,0.917312
32768.000000,0.884736,1.083008,1.192384,1.261856,1.340544
65536.000000,1.375856,1.881856,1.866144,2.019952,2.179888
131072.000000,2.181888,3.291648,3.609712,3.557280,3.964000
262144.000000,3.881616,5.982688,6.259264,6.876960,7.541440
524288.000000,14.205184,11.346144,12.002816,13.087552,14.813024
