nPath,OpenCL Vec Fusion (Execution Time (ms)),FlashPSO Compute (Execution Time (ms)),FlashPSO Bandwidth (Execution Time (ms))
4096.000000,19.400681,1.073504,0.843712
8192.000000,51.271182,1.186112,0.667664
16384.000000,59.274299,1.620320,1.344768
32768.000000,122.895468,2.539968,2.246688
65536.000000,261.540720,3.977248,2.293504
131072.000000,587.314184,7.145536,3.996240
262144.000000,1260.883586,13.727104,7.553376
524288.000000,2640.791807,27.059584,14.210208
