nFish,OpenCL Scalar (Execution Time (ms)),OpenCL Vec (sz=4) (Execution Time (ms)),OpenCL Vec Fusion (Execution Time (ms)),Triton (Flash PSO) (Execution Time (ms))
64.000000,16027.931352,6044.257729,4769.939312,3089.808105
128.000000,4857.251459,2155.817881,1780.813364,3090.433594
256.000000,21194.569796,6499.249958,4837.185199,3090.794189
512.000000,15186.859581,4815.629289,3879.042969,4136.337402
1024.000000,7644.355985,3020.168772,1974.931620,5338.490723
2048.000000,7529.743989,2762.347635,1951.738988,8054.706055
4096.000000,19778.049622,6236.245031,4737.592057,15271.041992
