nPath,OpenCL Vec Fusion (Execution Time (ms)),FlashPSO Compute (Execution Time (ms)),FlashPSO Bandwidth (Execution Time (ms))
4096.000000,10.587692,1.988944,0.396064
8192.000000,16.097991,3.783488,0.530464
16384.000000,29.064946,7.331104,0.817584
32768.000000,54.238361,14.493824,1.418144
65536.000000,107.681778,28.666431,2.526784
131072.000000,267.171655,57.135265,6.394688
262144.000000,573.506879,114.164131,13.073184
524288.000000,1210.007274,227.959778,25.739168
