nPath,LSMC NumPy (Execution Time (ms)),LSMC OpenCL (Execution Time (ms)),PSO OpenCL Vec Fusion (Execution Time (ms)),FlashPSO Compute (Execution Time (ms)),FlashPSO Bandwidth (Execution Time (ms))
4096.000000,16.728720,17.041381,10.550579,0.521792,0.340224
8192.000000,33.731764,30.073004,17.369520,0.726560,0.412352
16384.000000,70.904396,61.012981,32.032452,1.092672,0.496448
32768.000000,142.360925,121.866346,61.531829,1.930144,0.760704
65536.000000,280.059602,253.437291,114.471019,3.642496,1.226656
131072.000000,616.798184,556.232283,262.547676,7.148192,2.441504
262144.000000,12296.069051,8392.561485,611.322658,13.977888,4.620704
524288.000000,12698.637059,13393.416598,1310.030994,27.554337,8.627328
