nFish,OpenCL Vec Fusion (Execution Time (ms)),Triton (Flash PSO) (Execution Time (ms))
64.000000,4542.518773,1015.838257
128.000000,10777.185366,1672.431152
256.000000,4537.304480,2301.450684
512.000000,4542.353566,2575.843994
1024.000000,4427.690025,4828.766113
2048.000000,4028.820276,8862.195312
4096.000000,4020.301570,17356.798828
